First Name,Last Name,Age,State
Alex,Smith,23,Florida
Olivia,Johnson,45,Utah
Ethan,Davis,32,North Dakota
Ava,Anderson,54,South Carolina
William,Wilson,19,Nevada
Sophia,Martinez,38,New Jersey
Benjamin,Garcia,67,Virginia
Mia,Jackson,26,Oregon
Michael,Brown,41,Rhode Island
Charlotte,Jones,51,Arizona
James,Perez,29,Kentucky
Amelia,Davis,58,Maine
Elijah,Ramirez,36,Louisiana
Harper,Flores,72,Hawaii
Charlotte,Wilson,58,Idaho
Abigail,Nguyen,61,Connecticut
Emma,Parker,27,Georgia
James,Davis,19,Alabama
Emily,Kim,72,North Dakota
Matthew,Clark,40,Minnesota
Evelyn,Allen,68,Alabama
Jackson,Turner,30,New Hampshire
Sofia,Campbell,47,Delaware
David,Foster,57,Maryland
Scarlett,Peterson,31,South Dakota
Henry,Cox,63,New Mexico
Chloe,Gray,24,Ohio
Lila,Thompson,53,West Virginia
Lucas,Rivera,37,Vermont
Grace,Cooper,70,California
Jacob,Bailey,20,Nebraska
Emily,Rogers,44,Texas
Elijah,Coleman,65,Colorado
Avery,Cook,33,Tennessee
Logan,Morris,46,Washington
Charlotte,Wilson,58,Idaho
Caleb,Reed,56,Arkansas
Madison,Martin,25,Massachusetts
Dylan,Sanchez,39,Pennsylvania
Aria,Phillips,66,Alaska
Luke,King,50,Oklahoma
Harper,Bennett,21,Indiana
Jayden,Powell,52,Illinois
Elizabeth,Young,35,Kansas
Isaac,Long,62,North Carolina
Camila,Kim,18,Missouri
Noah,Miller,59,Wyoming
Natalie,Rivera,24,Kansas
Owen,Scott,71,New York
Layla,Gonzalez,48,Oregon
Christopher,Thomas,42,Nebraska
Charlotte,Wilson,58,Idaho
Ethan,Flores,55,Georgia
Riley,Torres,69,Louisiana
Ryan,Robinson,23,Tennessee
Aaliyah,Kelly,31,Arkansas
Levi,Parker,27,Idaho
Aubrey,Wood,36,Hawaii
Nathan,Collins,58,North Dakota
Zoey,Hall,49,Virginia
Joshua,Evans,40,Massachusetts
Scarlett,Washington,50,Pennsylvania
Gabriel,Hill,64,Texas
Addison,Lee,22,South Dakota
Anthony,Lee,44,Oklahoma
Natalie,Perry,46,Washington
Andrew,Hughes,55,Utah
Maya,Cox,66,Michigan
Isaac,Murray,28,California
Ellie,Price,38,New Hampshire
Sebastian,Stewart,52,Rhode Island
Stella,Garcia,19,Maine
Christian,Freeman,60,Nevada
Paisley,Harrison,42,West Virginia
Lincoln,Sanders,34,Iowa
Brooklyn,Torres,45,Montana
Nicholas,Bennett,62,Mississippi
Savannah,Carter,29,Indiana
John,Gray,37,Alaska
Samantha,Reyes,56,Wyoming
Dominic,Johnson,71,Ohio
Nora,Turner,30,Minnesota
Jonathan,Campbell,67,Illinois
Penelope,Ward,25,Arizona
Evelyn,Harris,79,Nebraska
Logan,Martin,26,Ohio
Avery,Thompson,39,Delaware
Mia,Perez,22,Oregon
Oliver,Young,52,Colorado
Skylar,Parker,43,Missouri
Ryan,Coleman,65,Florida
Alice,Allen,24,Wisconsin
Zachary,Wright,69,Kansas
Leah,Powell,51,Connecticut
Isaiah,Cook,47,New York
Violet,Adams,26,Wisconsin
Charles,Cooper,63,Wisconsin
Gabriella,Ramirez,35,Alaska
Leo,Flores,34,Alaska
,Jacobs,,Alaska
,Suarez,,Alaska
,Nunez,,Alaska